Time,Threshold,Probability
2026-09-12 00:00:00,70,0.0
2026-09-12 00:00:00,80,0.0
2026-09-12 00:00:00,90,0.0
2026-09-12 00:00:00,95,0.0
2026-09-12 06:00:00,70,0.0
2026-09-12 06:00:00,80,0.0
2026-09-12 06:00:00,90,0.0
2026-09-12 06:00:00,95,0.0
2026-09-12 12:00:00,70,0.0
2026-09-12 12:00:00,80,0.0
2026-09-12 12:00:00,90,0.0
2026-09-12 12:00:00,95,0.0
2026-09-12 18:00:00,70,0.0
2026-09-12 18:00:00,80,0.0
2026-09-12 18:00:00,90,0.0
2026-09-12 18:00:00,95,0.0
2026-09-13 00:00:00,70,0.0
2026-09-13 00:00:00,80,0.0
2026-09-13 00:00:00,90,0.0
2026-09-13 00:00:00,95,0.0
2026-09-13 06:00:00,70,30.0
2026-09-13 06:00:00,80,3.33
2026-09-13 06:00:00,90,0.0
2026-09-13 06:00:00,95,0.0
2026-09-13 12:00:00,70,96.67
2026-09-13 12:00:00,80,70.0
2026-09-13 12:00:00,90,53.33
2026-09-13 12:00:00,95,13.33
2026-09-13 18:00:00,70,40.0
2026-09-13 18:00:00,80,23.33
2026-09-13 18:00:00,90,10.0
2026-09-13 18:00:00,95,3.33
2026-09-14 00:00:00,70,43.33
2026-09-14 00:00:00,80,20.0
2026-09-14 00:00:00,90,6.67
2026-09-14 00:00:00,95,3.33
2026-09-14 06:00:00,70,100.0
2026-09-14 06:00:00,80,90.0
2026-09-14 06:00:00,90,60.0
2026-09-14 06:00:00,95,56.67
2026-09-14 12:00:00,70,100.0
2026-09-14 12:00:00,80,93.33
2026-09-14 12:00:00,90,93.33
2026-09-14 12:00:00,95,86.67
2026-09-14 18:00:00,70,36.67
2026-09-14 18:00:00,80,20.0
2026-09-14 18:00:00,90,6.67
2026-09-14 18:00:00,95,3.33
2026-09-15 00:00:00,70,13.33
2026-09-15 00:00:00,80,3.33
2026-09-15 00:00:00,90,0.0
2026-09-15 00:00:00,95,0.0
2026-09-15 06:00:00,70,50.0
2026-09-15 06:00:00,80,40.0
2026-09-15 06:00:00,90,23.33
2026-09-15 06:00:00,95,20.0
2026-09-15 12:00:00,70,36.67
2026-09-15 12:00:00,80,16.67
2026-09-15 12:00:00,90,6.67
2026-09-15 12:00:00,95,3.33
2026-09-15 18:00:00,70,0.0
2026-09-15 18:00:00,80,0.0
2026-09-15 18:00:00,90,0.0
2026-09-15 18:00:00,95,0.0
2026-09-16 00:00:00,70,0.0
2026-09-16 00:00:00,80,0.0
2026-09-16 00:00:00,90,0.0
2026-09-16 00:00:00,95,0.0
2026-09-16 06:00:00,70,53.33
2026-09-16 06:00:00,80,36.67
2026-09-16 06:00:00,90,16.67
2026-09-16 06:00:00,95,10.0
2026-09-16 12:00:00,70,96.67
2026-09-16 12:00:00,80,70.0
2026-09-16 12:00:00,90,50.0
2026-09-16 12:00:00,95,43.33
2026-09-16 18:00:00,70,70.0
2026-09-16 18:00:00,80,40.0
2026-09-16 18:00:00,90,23.33
2026-09-16 18:00:00,95,6.67
2026-09-17 00:00:00,70,53.33
2026-09-17 00:00:00,80,33.33
2026-09-17 00:00:00,90,16.67
2026-09-17 00:00:00,95,10.0
2026-09-17 06:00:00,70,93.33
2026-09-17 06:00:00,80,90.0
2026-09-17 06:00:00,90,83.33
2026-09-17 06:00:00,95,73.33
2026-09-17 12:00:00,70,93.33
2026-09-17 12:00:00,80,90.0
2026-09-17 12:00:00,90,86.67
2026-09-17 12:00:00,95,83.33
2026-09-17 18:00:00,70,56.67
2026-09-17 18:00:00,80,43.33
2026-09-17 18:00:00,90,23.33
2026-09-17 18:00:00,95,16.67
2026-09-18 00:00:00,70,63.33
2026-09-18 00:00:00,80,50.0
2026-09-18 00:00:00,90,26.67
2026-09-18 00:00:00,95,16.67
2026-09-18 06:00:00,70,86.67
2026-09-18 06:00:00,80,73.33
2026-09-18 06:00:00,90,66.67
2026-09-18 06:00:00,95,60.0
2026-09-18 12:00:00,70,86.67
2026-09-18 12:00:00,80,83.33
2026-09-18 12:00:00,90,70.0
2026-09-18 12:00:00,95,66.67
2026-09-18 18:00:00,70,30.0
2026-09-18 18:00:00,80,20.0
2026-09-18 18:00:00,90,6.67
2026-09-18 18:00:00,95,6.67
2026-09-19 00:00:00,70,23.33
2026-09-19 00:00:00,80,16.67
2026-09-19 00:00:00,90,13.33
2026-09-19 00:00:00,95,6.67
2026-09-19 06:00:00,70,60.0
2026-09-19 06:00:00,80,53.33
2026-09-19 06:00:00,90,46.67
2026-09-19 06:00:00,95,46.67
2026-09-19 12:00:00,70,93.33
2026-09-19 12:00:00,80,63.33
2026-09-19 12:00:00,90,50.0
2026-09-19 12:00:00,95,40.0
2026-09-19 18:00:00,70,23.33
2026-09-19 18:00:00,80,23.33
2026-09-19 18:00:00,90,20.0
2026-09-19 18:00:00,95,13.33
2026-09-20 00:00:00,70,23.33
2026-09-20 00:00:00,80,20.0
2026-09-20 00:00:00,90,13.33
2026-09-20 00:00:00,95,10.0
2026-09-20 06:00:00,70,73.33
2026-09-20 06:00:00,80,53.33
2026-09-20 06:00:00,90,36.67
2026-09-20 06:00:00,95,30.0
2026-09-20 12:00:00,70,80.0
2026-09-20 12:00:00,80,66.67
2026-09-20 12:00:00,90,46.67
2026-09-20 12:00:00,95,40.0
2026-09-20 18:00:00,70,13.33
2026-09-20 18:00:00,80,10.0
2026-09-20 18:00:00,90,6.67
2026-09-20 18:00:00,95,3.33
2026-09-21 00:00:00,70,23.33
2026-09-21 00:00:00,80,10.0
2026-09-21 00:00:00,90,6.67
2026-09-21 00:00:00,95,6.67
2026-09-21 06:00:00,70,56.67
2026-09-21 06:00:00,80,33.33
2026-09-21 06:00:00,90,30.0
2026-09-21 06:00:00,95,23.33
2026-09-21 12:00:00,70,66.67
2026-09-21 12:00:00,80,53.33
2026-09-21 12:00:00,90,40.0
2026-09-21 12:00:00,95,36.67
2026-09-21 18:00:00,70,23.33
2026-09-21 18:00:00,80,13.33
2026-09-21 18:00:00,90,6.67
2026-09-21 18:00:00,95,6.67
2026-09-22 00:00:00,70,26.67
2026-09-22 00:00:00,80,16.67
2026-09-22 00:00:00,90,10.0
2026-09-22 00:00:00,95,6.67
